[
  {
    "name": "#Dragons Lugano",
    "postalCode": "6900",
    "town": "Lugano",
    "website": "",
    "logo": "",
    "email": "info@dragonslugano.chAngebotVolleyball",
    "hasMen": true,
    "hasWomen": false,
    "hasJunioren": true,
    "hasJuniorinnen": false
  },
  {
    "name": "Bellinzona Volley",
    "postalCode": "6500",
    "town": "Bellinzona",
    "website": "",
    "logo": "",
    "email": "segretariato@bellinzona-volley.chAngebotVolleyball",
    "hasMen": false,
    "hasWomen": true,
    "hasJunioren": false,
    "hasJuniorinnen": true
  },
  {
    "name": "Bienne Volleyboys",
    "postalCode": "2500",
    "town": "Bienne",
    "website": "",
    "logo": "",
    "email": "info@volleyboys.chAngebotVolleyball",
    "hasMen": true,
    "hasWomen": true,
    "hasJunioren": true,
    "hasJuniorinnen": false
  },
  {
    "name": "BMV 92",
    "postalCode": "2735",
    "town": "Valbirse",
    "website": "",
    "logo": "",
    "email": "presidence@bmv92.chAngebotVolleyball",
    "hasMen": true,
    "hasWomen": true,
    "hasJunioren": true,
    "hasJuniorinnen": true
  },
  {
    "name": "BTV Aarau",
    "postalCode": "5000",
    "town": "Aarau",
    "website": "",
    "logo": "",
    "email": "info@volley-aarau.chAngebotVolleyball",
    "hasMen": true,
    "hasWomen": true,
    "hasJunioren": true,
    "hasJuniorinnen": true
  },
  {
    "name": "Chênois Genève Volleyball",
    "postalCode": "1225",
    "town": "Chene-Bourg",
    "website": "",
    "logo": "",
    "email": "club@chenoisvolley.chAngebotVolleyball",
    "hasMen": true,
    "hasWomen": true,
    "hasJunioren": true,
    "hasJuniorinnen": true
  },
  {
    "name": "Colombier Volley",
    "postalCode": "2013",
    "town": "Colombier",
    "website": "",
    "logo": "",
    "email": "info@colombiervolley.chAngebotVolleyball",
    "hasMen": true,
    "hasWomen": true,
    "hasJunioren": true,
    "hasJuniorinnen": true
  },
  {
    "name": "E.f.i. Volley",
    "postalCode": "8307",
    "town": "Effretikon",
    "website": "",
    "logo": "",
    "email": "",
    "hasMen": true,
    "hasWomen": true,
    "hasJunioren": false,
    "hasJuniorinnen": true
  },
  {
    "name": "Eaglets Volley Aarau",
    "postalCode": "5000",
    "town": "Aarau",
    "website": "",
    "logo": "",
    "email": "",
    "hasMen": false,
    "hasWomen": true,
    "hasJunioren": false,
    "hasJuniorinnen": false
  },
  {
    "name": "Fémina-Sport Glovelier",
    "postalCode": "2855",
    "town": "Glovelier",
    "website": "",
    "logo": "",
    "email": "",
    "hasMen": false,
    "hasWomen": true,
    "hasJunioren": false,
    "hasJuniorinnen": false
  },
  {
    "name": "Genève Volley",
    "postalCode": "1203",
    "town": "Genève",
    "website": "",
    "logo": "",
    "email": "aide@gevb.chAngebotVolleyball",
    "hasMen": false,
    "hasWomen": true,
    "hasJunioren": false,
    "hasJuniorinnen": true
  },
  {
    "name": "Gibloux Volley",
    "postalCode": "1726",
    "town": "Farvagny",
    "website": "",
    "logo": "",
    "email": "info@giblouxvolley.chAngebotVolleyball",
    "hasMen": true,
    "hasWomen": true,
    "hasJunioren": true,
    "hasJuniorinnen": true
  },
  {
    "name": "Grün-Weiss Utzenstorf",
    "postalCode": "3427",
    "town": "Utzenstorf",
    "website": "",
    "logo": "",
    "email": "u_d.herzog@bluewin.chAngebotVolleyball",
    "hasMen": false,
    "hasWomen": true,
    "hasJunioren": false,
    "hasJuniorinnen": false
  },
  {
    "name": "Hochdorf Audacia",
    "postalCode": "6280",
    "town": "Hochdorf",
    "website": "",
    "logo": "",
    "email": "administration@audacia-volley.chAngebotVolleyball",
    "hasMen": true,
    "hasWomen": true,
    "hasJunioren": true,
    "hasJuniorinnen": true
  },
  {
    "name": "Inarizaki",
    "postalCode": "4934",
    "town": "Madiswil",
    "website": "",
    "logo": "",
    "email": "",
    "hasMen": true,
    "hasWomen": false,
    "hasJunioren": false,
    "hasJuniorinnen": false
  },
  {
    "name": "KTV Altstetten",
    "postalCode": "8048",
    "town": "Zürich",
    "website": "",
    "logo": "",
    "email": "test@test.chAngebotVolleyball",
    "hasMen": false,
    "hasWomen": false,
    "hasJunioren": true,
    "hasJuniorinnen": true
  },
  {
    "name": "KTV Basel 1915",
    "postalCode": "4000",
    "town": "Basel",
    "website": "",
    "logo": "",
    "email": "ktvbasel1915@gmail.comAngebotVolleyball",
    "hasMen": true,
    "hasWomen": true,
    "hasJunioren": false,
    "hasJuniorinnen": false
  },
  {
    "name": "KTV Riehen",
    "postalCode": "4125",
    "town": "Riehen",
    "website": "",
    "logo": "",
    "email": "admin@ktvriehen.chAngebotVolleyball",
    "hasMen": true,
    "hasWomen": true,
    "hasJunioren": true,
    "hasJuniorinnen": true
  },
  {
    "name": "Lancy Volleyball Club",
    "postalCode": "1213",
    "town": "Petit-Lancy",
    "website": "https://www.lancyvbc.ch",
    "logo": "",
    "email": "",
    "hasMen": false,
    "hasWomen": false,
    "hasJunioren": false,
    "hasJuniorinnen": false
  },
  {
    "name": "Lancy Volleyball Club",
    "postalCode": "1213",
    "town": "Petit-Lancy",
    "website": "",
    "logo": "",
    "email": "",
    "hasMen": false,
    "hasWomen": false,
    "hasJunioren": false,
    "hasJuniorinnen": false
  },
  {
    "name": "Lausanne UC",
    "postalCode": "1015",
    "town": "Lausanne",
    "website": "",
    "logo": "",
    "email": "info@lucvolleyball.chAngebotVolleyball",
    "hasMen": true,
    "hasWomen": true,
    "hasJunioren": true,
    "hasJuniorinnen": false
  },
  {
    "name": "Lerbermatt Mittelschule",
    "postalCode": "3098",
    "town": "Köniz",
    "website": "",
    "logo": "",
    "email": "",
    "hasMen": true,
    "hasWomen": true,
    "hasJunioren": false,
    "hasJuniorinnen": false
  },
  {
    "name": "LK Zug Volleyball",
    "postalCode": "6300",
    "town": "Zug",
    "website": "",
    "logo": "",
    "email": "Lukas.Hotz@volleyzug.chAngebotVolleyball",
    "hasMen": true,
    "hasWomen": true,
    "hasJunioren": true,
    "hasJuniorinnen": true
  },
  {
    "name": "Martigny Volley",
    "postalCode": "1920",
    "town": "Martigny",
    "website": "",
    "logo": "",
    "email": "",
    "hasMen": true,
    "hasWomen": true,
    "hasJunioren": true,
    "hasJuniorinnen": true
  },
  {
    "name": "Meyrin VBC",
    "postalCode": "1217",
    "town": "Meyrin",
    "website": "",
    "logo": "",
    "email": "",
    "hasMen": true,
    "hasWomen": true,
    "hasJunioren": true,
    "hasJuniorinnen": true
  },
  {
    "name": "Montreux Volley",
    "postalCode": "1820",
    "town": "Montreux",
    "website": "",
    "logo": "",
    "email": "daniel.gnerre@gmail.comAngebotVolleyball",
    "hasMen": true,
    "hasWomen": true,
    "hasJunioren": true,
    "hasJuniorinnen": true
  },
  {
    "name": "Moesa Volley",
    "postalCode": "6558",
    "town": "Lostallo",
    "website": "",
    "logo": "",
    "email": "info@abbaco.chAngebotVolleyball",
    "hasMen": false,
    "hasWomen": false,
    "hasJunioren": false,
    "hasJuniorinnen": true
  },
  {
    "name": "Pallavolo Kreuzlingen",
    "postalCode": "8280",
    "town": "Kreuzlingen",
    "website": "",
    "logo": "",
    "email": "sekretariat@pallavolo.chAngebotVolleyball",
    "hasMen": true,
    "hasWomen": true,
    "hasJunioren": true,
    "hasJuniorinnen": true
  },
  {
    "name": "Pallavolo-Novaggio-Bedigliora",
    "postalCode": "6986",
    "town": "Curio",
    "website": "",
    "logo": "",
    "email": "malcavolleyvicepres@gmail.chAngebotVolleyball",
    "hasMen": false,
    "hasWomen": true,
    "hasJunioren": true,
    "hasJuniorinnen": true
  },
  {
    "name": "Pery Volleyball",
    "postalCode": "2603",
    "town": "Péry",
    "website": "",
    "logo": "",
    "email": "",
    "hasMen": false,
    "hasWomen": true,
    "hasJunioren": false,
    "hasJuniorinnen": true
  },
  {
    "name": "Raiffeisen Volleya Obwalden",
    "postalCode": "6064",
    "town": "Kerns",
    "website": "",
    "logo": "",
    "email": "administration@volleya.chAngebotVolleyball",
    "hasMen": true,
    "hasWomen": true,
    "hasJunioren": true,
    "hasJuniorinnen": true
  },
  {
    "name": "Rainbow Sport Zürich",
    "postalCode": "8000",
    "town": "Zürich",
    "website": "",
    "logo": "",
    "email": "denis.sim@gmx.chAngebotVolleyball",
    "hasMen": true,
    "hasWomen": false,
    "hasJunioren": false,
    "hasJuniorinnen": false
  },
  {
    "name": "Regio Volleyteam",
    "postalCode": "4950",
    "town": "Huttwil",
    "website": "",
    "logo": "",
    "email": "vorstand@regiovolleyteam.chAngebotVolleyball",
    "hasMen": true,
    "hasWomen": true,
    "hasJunioren": true,
    "hasJuniorinnen": true
  },
  {
    "name": "Rheno Volleyball",
    "postalCode": "9435",
    "town": "Heerbrugg",
    "website": "",
    "logo": "",
    "email": "",
    "hasMen": true,
    "hasWomen": true,
    "hasJunioren": true,
    "hasJuniorinnen": true
  },
  {
    "name": "Rhone Volley",
    "postalCode": "1920",
    "town": "Martigny",
    "website": "",
    "logo": "",
    "email": "",
    "hasMen": false,
    "hasWomen": true,
    "hasJunioren": false,
    "hasJuniorinnen": false
  },
  {
    "name": "S 9",
    "postalCode": "8906",
    "town": "Bonstetten",
    "website": "",
    "logo": "",
    "email": "vorstand@volley-s9.chAngebotVolleyball",
    "hasMen": true,
    "hasWomen": true,
    "hasJunioren": true,
    "hasJuniorinnen": true
  },
  {
    "name": "SAG Gordola",
    "postalCode": "6598",
    "town": "Tenero",
    "website": "",
    "logo": "",
    "email": "sagvolley@saggordola.chAngebotVolleyball",
    "hasMen": true,
    "hasWomen": true,
    "hasJunioren": true,
    "hasJuniorinnen": true
  },
  {
    "name": "Satigny Volleyball",
    "postalCode": "",
    "town": "",
    "website": "",
    "logo": "",
    "email": "info@satigny-volleyball.chAngebotVolleyball",
    "hasMen": false,
    "hasWomen": false,
    "hasJunioren": true,
    "hasJuniorinnen": true
  },
  {
    "name": "Schaffhausen KJS",
    "postalCode": "8200",
    "town": "Schaffhausen",
    "website": "",
    "logo": "",
    "email": "",
    "hasMen": false,
    "hasWomen": true,
    "hasJunioren": false,
    "hasJuniorinnen": true
  },
  {
    "name": "SFG Montagny-Cousset",
    "postalCode": "1774",
    "town": "Cousset",
    "website": "",
    "logo": "",
    "email": "pascaleterrapon@bluewin.chAngebotVolleyball",
    "hasMen": false,
    "hasWomen": true,
    "hasJunioren": false,
    "hasJuniorinnen": false
  },
  {
    "name": "Sm`Aesch Pfeffingen",
    "postalCode": "4147",
    "town": "Aesch",
    "website": "",
    "logo": "",
    "email": "info@smaesch.chAngebotVolleyball",
    "hasMen": false,
    "hasWomen": true,
    "hasJunioren": true,
    "hasJuniorinnen": true
  },
  {
    "name": "Sportunion Beckenried",
    "postalCode": "6375",
    "town": "Beckenried",
    "website": "",
    "logo": "",
    "email": "volley@sportunion-beckenried.chAngebotVolleyball",
    "hasMen": false,
    "hasWomen": true,
    "hasJunioren": true,
    "hasJuniorinnen": true
  },
  {
    "name": "SSC Audax",
    "postalCode": "8580",
    "town": "Amriswil",
    "website": "",
    "logo": "",
    "email": "info@sscaudax.chAngebotVolleyball",
    "hasMen": true,
    "hasWomen": true,
    "hasJunioren": false,
    "hasJuniorinnen": false
  },
  {
    "name": "St-Maurice",
    "postalCode": "1890",
    "town": "St Maurice",
    "website": "",
    "logo": "",
    "email": "Info@vbcst-maurice.chAngebotVolleyball",
    "hasMen": true,
    "hasWomen": false,
    "hasJunioren": false,
    "hasJuniorinnen": false
  },
  {
    "name": "Stadtturnverein Wil",
    "postalCode": "9500",
    "town": "Wil SG",
    "website": "",
    "logo": "",
    "email": "koordination@volley.stvwil.chAngebotVolleyball",
    "hasMen": true,
    "hasWomen": true,
    "hasJunioren": true,
    "hasJuniorinnen": true
  },
  {
    "name": "STV Buttisholz",
    "postalCode": "6018",
    "town": "Buttisholz",
    "website": "",
    "logo": "",
    "email": "alina.erni@volley-buttisholz.chAngebotVolleyball",
    "hasMen": false,
    "hasWomen": true,
    "hasJunioren": false,
    "hasJuniorinnen": true
  },
  {
    "name": "STV Gränichen",
    "postalCode": "5722",
    "town": "Gränichen",
    "website": "",
    "logo": "",
    "email": "",
    "hasMen": false,
    "hasWomen": true,
    "hasJunioren": false,
    "hasJuniorinnen": false
  },
  {
    "name": "STV Hitzkirch",
    "postalCode": "6285",
    "town": "Hitzkirch",
    "website": "",
    "logo": "",
    "email": "kontakt@stvhitzkirch.chAngebotVolleyball",
    "hasMen": false,
    "hasWomen": true,
    "hasJunioren": false,
    "hasJuniorinnen": true
  },
  {
    "name": "STV St.Gallen Volleyball",
    "postalCode": "",
    "town": "",
    "website": "",
    "logo": "",
    "email": "",
    "hasMen": true,
    "hasWomen": true,
    "hasJunioren": true,
    "hasJuniorinnen": true
  },
  {
    "name": "SV Knutwil-St.Erhard",
    "postalCode": "",
    "town": "",
    "website": "",
    "logo": "",
    "email": "info@sv-knutwil.chAngebotVolleyball",
    "hasMen": false,
    "hasWomen": true,
    "hasJunioren": false,
    "hasJuniorinnen": true
  },
  {
    "name": "SV Olten",
    "postalCode": "4600",
    "town": "Olten",
    "website": "",
    "logo": "",
    "email": "",
    "hasMen": true,
    "hasWomen": true,
    "hasJunioren": true,
    "hasJuniorinnen": true
  },
  {
    "name": "SV Strättligen",
    "postalCode": "3600",
    "town": "Thun",
    "website": "",
    "logo": "",
    "email": "info@svthun-straettligen.chAngebotVolleyball",
    "hasMen": false,
    "hasWomen": true,
    "hasJunioren": false,
    "hasJuniorinnen": true
  },
  {
    "name": "SV Tägerig",
    "postalCode": "5522",
    "town": "Tägerig",
    "website": "",
    "logo": "",
    "email": "kontakt@svtaegerig.chAngebotVolleyball",
    "hasMen": false,
    "hasWomen": true,
    "hasJunioren": false,
    "hasJuniorinnen": true
  },
  {
    "name": "SV Volley Lengnau",
    "postalCode": "5426",
    "town": "Lengnau",
    "website": "",
    "logo": "",
    "email": "",
    "hasMen": true,
    "hasWomen": true,
    "hasJunioren": false,
    "hasJuniorinnen": true
  },
  {
    "name": "TSV Frick Volleyball",
    "postalCode": "5070",
    "town": "Frick",
    "website": "",
    "logo": "",
    "email": "",
    "hasMen": true,
    "hasWomen": true,
    "hasJunioren": true,
    "hasJuniorinnen": true
  },
  {
    "name": "TSV Gurmels",
    "postalCode": "3212",
    "town": "Gurmels",
    "website": "",
    "logo": "",
    "email": "volleyball@tsv-gurmels.chAngebotVolleyball",
    "hasMen": false,
    "hasWomen": true,
    "hasJunioren": true,
    "hasJuniorinnen": true
  },
  {
    "name": "TSV Jona Volleyball",
    "postalCode": "8645",
    "town": "Rapperswil-Jona",
    "website": "",
    "logo": "",
    "email": "sekretariat@volleyballjona.chAngebotVolleyball",
    "hasMen": true,
    "hasWomen": true,
    "hasJunioren": true,
    "hasJuniorinnen": true
  },
  {
    "name": "TSV Neuendorf",
    "postalCode": "4623",
    "town": "Neuendorf",
    "website": "",
    "logo": "",
    "email": "volleyball@tsvn.chAngebotVolleyball",
    "hasMen": false,
    "hasWomen": true,
    "hasJunioren": true,
    "hasJuniorinnen": true
  },
  {
    "name": "TSV Rechthalten",
    "postalCode": "1718",
    "town": "Rechthalten",
    "website": "",
    "logo": "",
    "email": "carole_vonlanthen@hotmail.comAngebotVolleyball",
    "hasMen": false,
    "hasWomen": true,
    "hasJunioren": false,
    "hasJuniorinnen": true
  },
  {
    "name": "TSV Steinen",
    "postalCode": "6422",
    "town": "Steinen",
    "website": "",
    "logo": "",
    "email": "",
    "hasMen": true,
    "hasWomen": true,
    "hasJunioren": true,
    "hasJuniorinnen": true
  },
  {
    "name": "TSV Wangen",
    "postalCode": "3380",
    "town": "Wangen an der Aare",
    "website": "",
    "logo": "",
    "email": "info@tsvwangen.chAngebotVolleyball",
    "hasMen": false,
    "hasWomen": true,
    "hasJunioren": false,
    "hasJuniorinnen": false
  },
  {
    "name": "Turnverein Horgen",
    "postalCode": "8810",
    "town": "Horgen",
    "website": "",
    "logo": "",
    "email": "junioren@vobits.chAngebotVolleyball",
    "hasMen": false,
    "hasWomen": false,
    "hasJunioren": true,
    "hasJuniorinnen": true
  },
  {
    "name": "TV Arlesheim",
    "postalCode": "4144",
    "town": "Arlesheim",
    "website": "",
    "logo": "",
    "email": "volleyball.arlesheim@gmail.comAngebotVolleyball",
    "hasMen": true,
    "hasWomen": true,
    "hasJunioren": true,
    "hasJuniorinnen": true
  },
  {
    "name": "TV Dietlikon (Schulsportgruppe)",
    "postalCode": "8305",
    "town": "Dietlikon",
    "website": "",
    "logo": "",
    "email": "gs@tvdietlikon.chAngebotVolleyball",
    "hasMen": true,
    "hasWomen": true,
    "hasJunioren": true,
    "hasJuniorinnen": true
  },
  {
    "name": "TV Hüttwilen",
    "postalCode": "8536",
    "town": "Hüttwilen",
    "website": "",
    "logo": "",
    "email": "praesidium_VR@tvhuettwilen.chAngebotVolleyball",
    "hasMen": false,
    "hasWomen": true,
    "hasJunioren": false,
    "hasJuniorinnen": true
  },
  {
    "name": "TV Itingen",
    "postalCode": "4452",
    "town": "Itingen",
    "website": "",
    "logo": "",
    "email": "bruderer.isa@gmail.comAngebotVolleyball",
    "hasMen": false,
    "hasWomen": true,
    "hasJunioren": false,
    "hasJuniorinnen": false
  },
  {
    "name": "TV Lunkhofen",
    "postalCode": "8917",
    "town": "Oberlunkhofen",
    "website": "",
    "logo": "",
    "email": "gs@tvlunkhofen.chAngebotVolleyball",
    "hasMen": true,
    "hasWomen": true,
    "hasJunioren": true,
    "hasJuniorinnen": true
  },
  {
    "name": "TV Magden",
    "postalCode": "4312",
    "town": "Magden",
    "website": "",
    "logo": "",
    "email": "",
    "hasMen": false,
    "hasWomen": true,
    "hasJunioren": false,
    "hasJuniorinnen": false
  },
  {
    "name": "TV Murten Volleyball",
    "postalCode": "3280",
    "town": "Murten",
    "website": "",
    "logo": "",
    "email": "nathalie-meier@gmx.chAngebotVolleyball",
    "hasMen": true,
    "hasWomen": true,
    "hasJunioren": true,
    "hasJuniorinnen": true
  },
  {
    "name": "TV Muttenz",
    "postalCode": "4132",
    "town": "Muttenz",
    "website": "",
    "logo": "",
    "email": "",
    "hasMen": true,
    "hasWomen": true,
    "hasJunioren": true,
    "hasJuniorinnen": true
  },
  {
    "name": "TV Plaffeien",
    "postalCode": "1716",
    "town": "Plaffeien",
    "website": "",
    "logo": "",
    "email": "tvplaffeien.volley@gmail.comAngebotVolleyball",
    "hasMen": true,
    "hasWomen": false,
    "hasJunioren": false,
    "hasJuniorinnen": false
  },
  {
    "name": "TV St. Johann",
    "postalCode": "4000",
    "town": "Basel",
    "website": "",
    "logo": "",
    "email": "volley@tvstjohann.chAngebotVolleyball",
    "hasMen": true,
    "hasWomen": true,
    "hasJunioren": false,
    "hasJuniorinnen": false
  },
  {
    "name": "TV Ursenbach",
    "postalCode": "4937",
    "town": "Ursenbach",
    "website": "",
    "logo": "",
    "email": "lars.lehmann@tvursenbach.chAngebotVolleyball",
    "hasMen": true,
    "hasWomen": true,
    "hasJunioren": false,
    "hasJuniorinnen": false
  },
  {
    "name": "TV Zollikofen",
    "postalCode": "3052",
    "town": "Zollikofen",
    "website": "",
    "logo": "",
    "email": "juerg.steiner@gmx.chAngebotVolleyball",
    "hasMen": true,
    "hasWomen": true,
    "hasJunioren": false,
    "hasJuniorinnen": false
  },
  {
    "name": "VB Fides Ruswil",
    "postalCode": "6017",
    "town": "Ruswil",
    "website": "",
    "logo": "",
    "email": "schumacher.evelyn@gmx.chAngebotVolleyball",
    "hasMen": true,
    "hasWomen": true,
    "hasJunioren": true,
    "hasJuniorinnen": true
  },
  {
    "name": "VB Neuenkirch",
    "postalCode": "6206",
    "town": "Neuenkirch",
    "website": "",
    "logo": "",
    "email": "praesi.vb-neuenkirch@hotmail.comAngebotVolleyball",
    "hasMen": false,
    "hasWomen": true,
    "hasJunioren": true,
    "hasJuniorinnen": true
  },
  {
    "name": "VB Steinach",
    "postalCode": "9323",
    "town": "Steinach",
    "website": "",
    "logo": "",
    "email": "",
    "hasMen": true,
    "hasWomen": true,
    "hasJunioren": false,
    "hasJuniorinnen": true
  },
  {
    "name": "VBC Aigle",
    "postalCode": "1860",
    "town": "Aigle",
    "website": "",
    "logo": "",
    "email": "info@vbcaigle.chAngebotVolleyball",
    "hasMen": false,
    "hasWomen": true,
    "hasJunioren": false,
    "hasJuniorinnen": true
  },
  {
    "name": "VBC Allschwil",
    "postalCode": "4123",
    "town": "Allschwil",
    "website": "",
    "logo": "",
    "email": "",
    "hasMen": true,
    "hasWomen": true,
    "hasJunioren": false,
    "hasJuniorinnen": true
  },
  {
    "name": "VBC Antares-Uitikon",
    "postalCode": "8142",
    "town": "Uitikon",
    "website": "",
    "logo": "",
    "email": "",
    "hasMen": false,
    "hasWomen": true,
    "hasJunioren": true,
    "hasJuniorinnen": false
  },
  {
    "name": "VBC Arbon",
    "postalCode": "9320",
    "town": "Arbon",
    "website": "",
    "logo": "",
    "email": "info@vbcarbon.chAngebotVolleyball",
    "hasMen": true,
    "hasWomen": true,
    "hasJunioren": false,
    "hasJuniorinnen": true
  },
  {
    "name": "VBC Arosa",
    "postalCode": "7050",
    "town": "Arosa",
    "website": "",
    "logo": "",
    "email": "",
    "hasMen": false,
    "hasWomen": true,
    "hasJunioren": false,
    "hasJuniorinnen": false
  },
  {
    "name": "VBC Avully",
    "postalCode": "1232",
    "town": "confignon",
    "website": "",
    "logo": "",
    "email": "presidence@avullyvbc.chAngebotVolleyball",
    "hasMen": true,
    "hasWomen": false,
    "hasJunioren": false,
    "hasJuniorinnen": false
  },
  {
    "name": "VBC Belfaux",
    "postalCode": "1782",
    "town": "Belfaux",
    "website": "",
    "logo": "",
    "email": "",
    "hasMen": true,
    "hasWomen": true,
    "hasJunioren": true,
    "hasJuniorinnen": true
  },
  {
    "name": "VBC Bösingen",
    "postalCode": "3178",
    "town": "Bösingen",
    "website": "",
    "logo": "",
    "email": "",
    "hasMen": true,
    "hasWomen": true,
    "hasJunioren": true,
    "hasJuniorinnen": true
  },
  {
    "name": "VBC Bramois",
    "postalCode": "1950",
    "town": "sion",
    "website": "",
    "logo": "",
    "email": "president@vbcbramois.chAngebotVolleyball",
    "hasMen": false,
    "hasWomen": true,
    "hasJunioren": true,
    "hasJuniorinnen": true
  },
  {
    "name": "VBC Brig-Glis",
    "postalCode": "3902",
    "town": "Glis",
    "website": "",
    "logo": "",
    "email": "",
    "hasMen": false,
    "hasWomen": true,
    "hasJunioren": false,
    "hasJuniorinnen": true
  },
  {
    "name": "VBC Brislach",
    "postalCode": "4225",
    "town": "Brislach",
    "website": "",
    "logo": "",
    "email": "",
    "hasMen": true,
    "hasWomen": true,
    "hasJunioren": false,
    "hasJuniorinnen": true
  },
  {
    "name": "VBC Bulle",
    "postalCode": "1630",
    "town": "Bulle",
    "website": "",
    "logo": "",
    "email": "info@vbcbulle.chAngebotVolleyball",
    "hasMen": true,
    "hasWomen": true,
    "hasJunioren": true,
    "hasJuniorinnen": true
  },
  {
    "name": "VBC Buochs",
    "postalCode": "6374",
    "town": "Buochs",
    "website": "",
    "logo": "",
    "email": "praesident@vbcbuochs.chAngebotVolleyball",
    "hasMen": true,
    "hasWomen": true,
    "hasJunioren": true,
    "hasJuniorinnen": true
  },
  {
    "name": "VBC Burgdorf",
    "postalCode": "3400",
    "town": "Burgdorf",
    "website": "",
    "logo": "",
    "email": "",
    "hasMen": true,
    "hasWomen": true,
    "hasJunioren": true,
    "hasJuniorinnen": true
  },
  {
    "name": "VBC Cazis",
    "postalCode": "7408",
    "town": "Cazis",
    "website": "",
    "logo": "",
    "email": "",
    "hasMen": true,
    "hasWomen": true,
    "hasJunioren": false,
    "hasJuniorinnen": false
  },
  {
    "name": "VBC Cedra",
    "postalCode": "1762",
    "town": "Givisiez",
    "website": "",
    "logo": "",
    "email": "",
    "hasMen": false,
    "hasWomen": true,
    "hasJunioren": false,
    "hasJuniorinnen": false
  },
  {
    "name": "VBC Chatel-St-Denis",
    "postalCode": "1618",
    "town": "Châtel-Saint-Denis",
    "website": "",
    "logo": "",
    "email": "",
    "hasMen": true,
    "hasWomen": true,
    "hasJunioren": true,
    "hasJuniorinnen": true
  },
  {
    "name": "VBC Cheseaux",
    "postalCode": "1033",
    "town": "Cheseaux-sur-Lausanne",
    "website": "",
    "logo": "",
    "email": "info@vbccheseaux.chAngebotVolleyball",
    "hasMen": true,
    "hasWomen": true,
    "hasJunioren": true,
    "hasJuniorinnen": true
  },
  {
    "name": "VBC Chur",
    "postalCode": "7000",
    "town": "Chur",
    "website": "",
    "logo": "",
    "email": "info@vbcchur.chAngebotVolleyball",
    "hasMen": true,
    "hasWomen": true,
    "hasJunioren": true,
    "hasJuniorinnen": true
  },
  {
    "name": "VBC Develier",
    "postalCode": "2802",
    "town": "Develier",
    "website": "",
    "logo": "",
    "email": "vbcdevelier@gmail.comAngebotVolleyball",
    "hasMen": false,
    "hasWomen": true,
    "hasJunioren": false,
    "hasJuniorinnen": false
  },
  {
    "name": "VBC Dietwil",
    "postalCode": "6042",
    "town": "Dietwil",
    "website": "",
    "logo": "",
    "email": "",
    "hasMen": false,
    "hasWomen": true,
    "hasJunioren": true,
    "hasJuniorinnen": true
  },
  {
    "name": "VBC Dulliken",
    "postalCode": "4657",
    "town": "Dulliken",
    "website": "",
    "logo": "",
    "email": "info@vbc-dulliken.chAngebotVolleyball",
    "hasMen": false,
    "hasWomen": true,
    "hasJunioren": true,
    "hasJuniorinnen": true
  },
  {
    "name": "VBC Ebikon",
    "postalCode": "6030",
    "town": "Ebikon",
    "website": "",
    "logo": "",
    "email": "praesident@vbcebikon.chAngebotVolleyball",
    "hasMen": true,
    "hasWomen": true,
    "hasJunioren": true,
    "hasJuniorinnen": true
  },
  {
    "name": "VBC Eburo",
    "postalCode": "1400",
    "town": "Yverdon-les-Bains",
    "website": "",
    "logo": "",
    "email": "info@vbceburo.chAngebotVolleyball",
    "hasMen": true,
    "hasWomen": true,
    "hasJunioren": false,
    "hasJuniorinnen": false
  },
  {
    "name": "VBC Ecublens",
    "postalCode": "1024",
    "town": "Ecublens",
    "website": "",
    "logo": "",
    "email": "info@vbcecublens.chAngebotVolleyball",
    "hasMen": true,
    "hasWomen": true,
    "hasJunioren": false,
    "hasJuniorinnen": true
  },
  {
    "name": "VBC Einsiedeln",
    "postalCode": "8840",
    "town": "Einsiedeln",
    "website": "",
    "logo": "",
    "email": "",
    "hasMen": true,
    "hasWomen": true,
    "hasJunioren": true,
    "hasJuniorinnen": true
  },
  {
    "name": "VBC Etoile-Geneve",
    "postalCode": "1203",
    "town": "Genève",
    "website": "",
    "logo": "",
    "email": "info@vbcgeneve.chAngebotVolleyball",
    "hasMen": true,
    "hasWomen": true,
    "hasJunioren": true,
    "hasJuniorinnen": true
  },
  {
    "name": "VBC Freies Gymnasium ZH",
    "postalCode": "8008",
    "town": "Zürich",
    "website": "",
    "logo": "",
    "email": "chef@vbc-fgz.chAngebotVolleyball",
    "hasMen": true,
    "hasWomen": true,
    "hasJunioren": false,
    "hasJuniorinnen": false
  },
  {
    "name": "VBC Fribourg",
    "postalCode": "1700",
    "town": "Fribourg",
    "website": "",
    "logo": "",
    "email": "responsable.technique.vbcfr@gmail.comAngebotVolleyball",
    "hasMen": true,
    "hasWomen": true,
    "hasJunioren": true,
    "hasJuniorinnen": true
  },
  {
    "name": "VBC Frutigen",
    "postalCode": "3714",
    "town": "Frutigen",
    "website": "",
    "logo": "",
    "email": "",
    "hasMen": false,
    "hasWomen": true,
    "hasJunioren": false,
    "hasJuniorinnen": true
  },
  {
    "name": "VBC Furttal",
    "postalCode": "8105",
    "town": "Regensdorf",
    "website": "",
    "logo": "",
    "email": "sekretariat@vbcfurttal.chAngebotVolleyball",
    "hasMen": true,
    "hasWomen": true,
    "hasJunioren": true,
    "hasJuniorinnen": true
  },
  {
    "name": "VBC Galina",
    "postalCode": "9494",
    "town": "Schaan",
    "website": "",
    "logo": "",
    "email": "sekretariat@vbcgalina.liAngebotVolleyball",
    "hasMen": true,
    "hasWomen": true,
    "hasJunioren": true,
    "hasJuniorinnen": true
  },
  {
    "name": "VBC Gelterkinden",
    "postalCode": "4460",
    "town": "Gelterkinden",
    "website": "",
    "logo": "",
    "email": "info@vbcgelterkinden.chAngebotVolleyball",
    "hasMen": true,
    "hasWomen": true,
    "hasJunioren": true,
    "hasJuniorinnen": true
  },
  {
    "name": "VBC Gerlafingen",
    "postalCode": "4563",
    "town": "Gerlafingen",
    "website": "",
    "logo": "",
    "email": "",
    "hasMen": false,
    "hasWomen": true,
    "hasJunioren": false,
    "hasJuniorinnen": true
  },
  {
    "name": "VBC Grosshöchstetten",
    "postalCode": "3506",
    "town": "Grosshöchstetten",
    "website": "",
    "logo": "",
    "email": "info.vbcg@bluewin.chAngebotVolleyball",
    "hasMen": false,
    "hasWomen": true,
    "hasJunioren": true,
    "hasJuniorinnen": true
  },
  {
    "name": "VBC Hallau",
    "postalCode": "8215",
    "town": "Hallau",
    "website": "",
    "logo": "",
    "email": "",
    "hasMen": false,
    "hasWomen": true,
    "hasJunioren": false,
    "hasJuniorinnen": true
  },
  {
    "name": "VBC Haut-Lac",
    "postalCode": "1896",
    "town": "Vouvry",
    "website": "",
    "logo": "",
    "email": "",
    "hasMen": true,
    "hasWomen": true,
    "hasJunioren": true,
    "hasJuniorinnen": true
  },
  {
    "name": "VBC Herren Oberwallis",
    "postalCode": "3900",
    "town": "Brig",
    "website": "",
    "logo": "",
    "email": "vorstand@vbc-how.chAngebotVolleyball",
    "hasMen": true,
    "hasWomen": false,
    "hasJunioren": true,
    "hasJuniorinnen": false
  },
  {
    "name": "VBC Kanti Baden",
    "postalCode": "5400",
    "town": "Baden",
    "website": "",
    "logo": "",
    "email": "sekretariat@vbckantibaden.chAngebotVolleyball",
    "hasMen": true,
    "hasWomen": true,
    "hasJunioren": true,
    "hasJuniorinnen": true
  },
  {
    "name": "VBC Kerzers",
    "postalCode": "3210",
    "town": "Kerzers",
    "website": "",
    "logo": "",
    "email": "",
    "hasMen": false,
    "hasWomen": true,
    "hasJunioren": true,
    "hasJuniorinnen": true
  },
  {
    "name": "VBC Küssnacht",
    "postalCode": "6403",
    "town": "Küssnacht am Rigi",
    "website": "",
    "logo": "",
    "email": "info@vbckuessnacht.chAngebotVolleyball",
    "hasMen": false,
    "hasWomen": true,
    "hasJunioren": false,
    "hasJuniorinnen": true
  },
  {
    "name": "VBC La Chaux-de-Fonds",
    "postalCode": "2300",
    "town": "La Chaux-de-Fonds",
    "website": "",
    "logo": "",
    "email": "",
    "hasMen": false,
    "hasWomen": false,
    "hasJunioren": true,
    "hasJuniorinnen": true
  },
  {
    "name": "VBC Langenthal",
    "postalCode": "4900",
    "town": "Langenthal",
    "website": "",
    "logo": "",
    "email": "praesident@vbclangenthal.chAngebotVolleyball",
    "hasMen": true,
    "hasWomen": true,
    "hasJunioren": true,
    "hasJuniorinnen": true
  },
  {
    "name": "VBC Laufen",
    "postalCode": "4242",
    "town": "Laufen",
    "website": "",
    "logo": "",
    "email": "sekretariat@vbclaufen.chAngebotVolleyball",
    "hasMen": true,
    "hasWomen": true,
    "hasJunioren": true,
    "hasJuniorinnen": true
  },
  {
    "name": "VBC Lausanne",
    "postalCode": "1010",
    "town": "Lausanne",
    "website": "",
    "logo": "",
    "email": "info@lausannevbc.chAngebotVolleyball",
    "hasMen": true,
    "hasWomen": true,
    "hasJunioren": true,
    "hasJuniorinnen": true
  },
  {
    "name": "VBC Le Mont-sur-Lausanne",
    "postalCode": "1052",
    "town": "Mont-sur-Lausanne",
    "website": "",
    "logo": "",
    "email": "info@vbclemont.chAngebotVolleyball",
    "hasMen": true,
    "hasWomen": true,
    "hasJunioren": true,
    "hasJuniorinnen": false
  },
  {
    "name": "VBC Leibstadt",
    "postalCode": "5325",
    "town": "Leibstadt",
    "website": "",
    "logo": "",
    "email": "",
    "hasMen": false,
    "hasWomen": true,
    "hasJunioren": false,
    "hasJuniorinnen": false
  },
  {
    "name": "VBC Lengnau",
    "postalCode": "2543",
    "town": "Lengnau BE",
    "website": "",
    "logo": "",
    "email": "vbclengnau@gmail.comAngebotVolleyball",
    "hasMen": false,
    "hasWomen": true,
    "hasJunioren": false,
    "hasJuniorinnen": false
  },
  {
    "name": "VBC Liesberg",
    "postalCode": "4254",
    "town": "Liesberg Dorf",
    "website": "",
    "logo": "",
    "email": "",
    "hasMen": false,
    "hasWomen": true,
    "hasJunioren": false,
    "hasJuniorinnen": false
  },
  {
    "name": "VBC Lignieres",
    "postalCode": "2523",
    "town": "Lignières",
    "website": "",
    "logo": "",
    "email": "",
    "hasMen": false,
    "hasWomen": true,
    "hasJunioren": false,
    "hasJuniorinnen": false
  },
  {
    "name": "VBC Linth",
    "postalCode": "8716",
    "town": "Schmerikon",
    "website": "",
    "logo": "",
    "email": "marco.buehler@vbclinth.chAngebotVolleyball",
    "hasMen": true,
    "hasWomen": true,
    "hasJunioren": true,
    "hasJuniorinnen": true
  },
  {
    "name": "VBC Littau",
    "postalCode": "6014",
    "town": "Luzern",
    "website": "",
    "logo": "",
    "email": "vbc-littau@gmx.chAngebotVolleyball",
    "hasMen": true,
    "hasWomen": true,
    "hasJunioren": false,
    "hasJuniorinnen": true
  },
  {
    "name": "VBC Lungern",
    "postalCode": "6078",
    "town": "Lungern",
    "website": "",
    "logo": "",
    "email": "daniela-buergi@gmx.chAngebotVolleyball",
    "hasMen": false,
    "hasWomen": true,
    "hasJunioren": false,
    "hasJuniorinnen": true
  },
  {
    "name": "VBC Lützelflüh",
    "postalCode": "3432",
    "town": "Lützelflüh",
    "website": "",
    "logo": "",
    "email": "",
    "hasMen": false,
    "hasWomen": true,
    "hasJunioren": false,
    "hasJuniorinnen": true
  },
  {
    "name": "VBC Lyss",
    "postalCode": "3250",
    "town": "Lyss",
    "website": "",
    "logo": "",
    "email": "",
    "hasMen": true,
    "hasWomen": true,
    "hasJunioren": false,
    "hasJuniorinnen": true
  },
  {
    "name": "VBC Malters",
    "postalCode": "6102",
    "town": "Malters",
    "website": "",
    "logo": "",
    "email": "kontakt@vbcmalters.chAngebotVolleyball",
    "hasMen": true,
    "hasWomen": true,
    "hasJunioren": true,
    "hasJuniorinnen": true
  },
  {
    "name": "VBC Meggen",
    "postalCode": "6045",
    "town": "Meggen",
    "website": "",
    "logo": "",
    "email": "info@vbcmeggen.chAngebotVolleyball",
    "hasMen": false,
    "hasWomen": false,
    "hasJunioren": false,
    "hasJuniorinnen": true
  },
  {
    "name": "VBC Merenschwand-Muri",
    "postalCode": "5634",
    "town": "Merenschwand",
    "website": "",
    "logo": "",
    "email": "info@vbcmerenschwand-muri.chAngebotVolleyball",
    "hasMen": true,
    "hasWomen": true,
    "hasJunioren": true,
    "hasJuniorinnen": true
  },
  {
    "name": "VBC Münchenbuchsee",
    "postalCode": "3053",
    "town": "Münchenbuchsee",
    "website": "",
    "logo": "",
    "email": "info@vbcm.chAngebotVolleyball",
    "hasMen": true,
    "hasWomen": true,
    "hasJunioren": true,
    "hasJuniorinnen": true
  },
  {
    "name": "VBC Münchenstein",
    "postalCode": "4142",
    "town": "Münchenstein",
    "website": "",
    "logo": "",
    "email": "anna.meierhofer96@gmail.comAngebotVolleyball",
    "hasMen": false,
    "hasWomen": true,
    "hasJunioren": false,
    "hasJuniorinnen": true
  },
  {
    "name": "VBC Niederlenz",
    "postalCode": "5702",
    "town": "Niederlenz",
    "website": "",
    "logo": "",
    "email": "",
    "hasMen": false,
    "hasWomen": true,
    "hasJunioren": false,
    "hasJuniorinnen": false
  },
  {
    "name": "VBC Obersimmental",
    "postalCode": "",
    "town": "",
    "website": "",
    "logo": "",
    "email": "fabienne.kohli@vbcobersimmental.chAngebotVolleyball",
    "hasMen": false,
    "hasWomen": true,
    "hasJunioren": false,
    "hasJuniorinnen": true
  },
  {
    "name": "VBC Pailly",
    "postalCode": "1416",
    "town": "Pailly",
    "website": "",
    "logo": "",
    "email": "",
    "hasMen": true,
    "hasWomen": true,
    "hasJunioren": false,
    "hasJuniorinnen": false
  },
  {
    "name": "VBC Peps",
    "postalCode": "1290",
    "town": "Versoix",
    "website": "",
    "logo": "",
    "email": "francois@pepsvbc.chAngebotVolleyball",
    "hasMen": false,
    "hasWomen": false,
    "hasJunioren": false,
    "hasJuniorinnen": true
  },
  {
    "name": "VBC Pfäffikon",
    "postalCode": "8808",
    "town": "Pfäffikon SZ",
    "website": "",
    "logo": "",
    "email": "",
    "hasMen": true,
    "hasWomen": true,
    "hasJunioren": true,
    "hasJuniorinnen": true
  },
  {
    "name": "VBC Porrentruy",
    "postalCode": "2900",
    "town": "Porrentruy",
    "website": "",
    "logo": "",
    "email": "serge.jubin@bluewin.chAngebotVolleyball",
    "hasMen": true,
    "hasWomen": true,
    "hasJunioren": true,
    "hasJuniorinnen": true
  },
  {
    "name": "VBC Préverenges",
    "postalCode": "1028",
    "town": "Préverenges",
    "website": "",
    "logo": "",
    "email": "gaudin79@gmail.comAngebotKids",
    "hasMen": false,
    "hasWomen": false,
    "hasJunioren": false,
    "hasJuniorinnen": false
  },
  {
    "name": "VBC Rämi",
    "postalCode": "8001",
    "town": "Zürich",
    "website": "",
    "logo": "",
    "email": "praesident@vbcraemi.chAngebotVolleyball",
    "hasMen": true,
    "hasWomen": true,
    "hasJunioren": true,
    "hasJuniorinnen": true
  },
  {
    "name": "VBC Raron",
    "postalCode": "3942",
    "town": "Raron",
    "website": "",
    "logo": "",
    "email": "lara.zurbriggen@gmx.chAngebotVolleyball",
    "hasMen": false,
    "hasWomen": true,
    "hasJunioren": false,
    "hasJuniorinnen": true
  },
  {
    "name": "VBC Rheinfelden",
    "postalCode": "4310",
    "town": "Rheinfelden",
    "website": "",
    "logo": "",
    "email": "",
    "hasMen": true,
    "hasWomen": true,
    "hasJunioren": true,
    "hasJuniorinnen": true
  },
  {
    "name": "VBC Richterswil (Schulsportgruppe)",
    "postalCode": "8805",
    "town": "Richterswil",
    "website": "",
    "logo": "",
    "email": "volleyball@vbc-richterswil.chAngebotVolleyball",
    "hasMen": false,
    "hasWomen": false,
    "hasJunioren": true,
    "hasJuniorinnen": true
  },
  {
    "name": "VBC Ried-Brig",
    "postalCode": "3911",
    "town": "Ried-Brig",
    "website": "",
    "logo": "",
    "email": "",
    "hasMen": true,
    "hasWomen": false,
    "hasJunioren": true,
    "hasJuniorinnen": false
  },
  {
    "name": "VBC Rotkreuz",
    "postalCode": "6343",
    "town": "Rotkreuz",
    "website": "",
    "logo": "",
    "email": "vbcrotkreuz@gmail.comAngebotVolleyball",
    "hasMen": false,
    "hasWomen": true,
    "hasJunioren": false,
    "hasJuniorinnen": true
  },
  {
    "name": "VBC Saviese Olympia",
    "postalCode": "1965",
    "town": "Savièse",
    "website": "",
    "logo": "",
    "email": "vbcsaviese@hotmail.comAngebotVolleyball",
    "hasMen": false,
    "hasWomen": false,
    "hasJunioren": true,
    "hasJuniorinnen": true
  },
  {
    "name": "VBC Schmitten",
    "postalCode": "3185",
    "town": "Schmitten",
    "website": "",
    "logo": "",
    "email": "admin@vbc-schmitten.chAngebotVolleyball",
    "hasMen": true,
    "hasWomen": true,
    "hasJunioren": false,
    "hasJuniorinnen": true
  },
  {
    "name": "VBC Seftigen",
    "postalCode": "3662",
    "town": "Seftigen",
    "website": "",
    "logo": "",
    "email": "celina.vbcseftigen@gmail.comAngebotVolleyball",
    "hasMen": true,
    "hasWomen": true,
    "hasJunioren": true,
    "hasJuniorinnen": true
  },
  {
    "name": "VBC Servette Star-Onex",
    "postalCode": "1213",
    "town": "Onex",
    "website": "",
    "logo": "",
    "email": "secretariat@ssovbc.chAngebotVolleyball",
    "hasMen": true,
    "hasWomen": true,
    "hasJunioren": true,
    "hasJuniorinnen": true
  },
  {
    "name": "VBC Seuzach",
    "postalCode": "8472",
    "town": "Seuzach",
    "website": "",
    "logo": "",
    "email": "tk-chef@vbcseuzach.chAngebotVolleyball",
    "hasMen": true,
    "hasWomen": true,
    "hasJunioren": false,
    "hasJuniorinnen": true
  },
  {
    "name": "VBC Sion",
    "postalCode": "1950",
    "town": "Sion",
    "website": "",
    "logo": "",
    "email": "",
    "hasMen": true,
    "hasWomen": true,
    "hasJunioren": true,
    "hasJuniorinnen": true
  },
  {
    "name": "VBC Sixieme 7",
    "postalCode": "2515",
    "town": "Prêles",
    "website": "",
    "logo": "",
    "email": "patrick.hochuli@bluewin.chAngebotVolleyball",
    "hasMen": true,
    "hasWomen": false,
    "hasJunioren": false,
    "hasJuniorinnen": false
  },
  {
    "name": "VBC Smile",
    "postalCode": "1733",
    "town": "Treyvaux",
    "website": "",
    "logo": "",
    "email": "presidente@vbcsmile.chAngebotVolleyball",
    "hasMen": false,
    "hasWomen": true,
    "hasJunioren": false,
    "hasJuniorinnen": true
  },
  {
    "name": "VBC Sotto-Simme",
    "postalCode": "3762",
    "town": "Erlenbach",
    "website": "",
    "logo": "",
    "email": "",
    "hasMen": false,
    "hasWomen": true,
    "hasJunioren": false,
    "hasJuniorinnen": true
  },
  {
    "name": "VBC Spada Academica",
    "postalCode": "8000",
    "town": "Zürich",
    "website": "",
    "logo": "",
    "email": "praesident@vbcspada.chAngebotVolleyball",
    "hasMen": true,
    "hasWomen": true,
    "hasJunioren": false,
    "hasJuniorinnen": true
  },
  {
    "name": "VBC Spiez",
    "postalCode": "3700",
    "town": "Spiez",
    "website": "",
    "logo": "",
    "email": "info@vbcspiez.chAngebotVolleyball",
    "hasMen": true,
    "hasWomen": true,
    "hasJunioren": true,
    "hasJuniorinnen": true
  },
  {
    "name": "VBC Stäfa",
    "postalCode": "8712",
    "town": "Stäfa",
    "website": "",
    "logo": "",
    "email": "info@vbcstaefa.chAngebotVolleyball",
    "hasMen": true,
    "hasWomen": true,
    "hasJunioren": true,
    "hasJuniorinnen": true
  },
  {
    "name": "VBC Steinhausen",
    "postalCode": "6312",
    "town": "Steinhausen",
    "website": "",
    "logo": "",
    "email": "info@vbcsteinhausen.chAngebotVolleyball",
    "hasMen": false,
    "hasWomen": true,
    "hasJunioren": false,
    "hasJuniorinnen": true
  },
  {
    "name": "VBC Studen",
    "postalCode": "2557",
    "town": "Studen",
    "website": "",
    "logo": "",
    "email": "reto.gautschi@vbc-studen.chAngebotVolleyball",
    "hasMen": false,
    "hasWomen": true,
    "hasJunioren": false,
    "hasJuniorinnen": true
  },
  {
    "name": "VBC Sugnens-Cugy",
    "postalCode": "1043",
    "town": "Sugnens",
    "website": "",
    "logo": "",
    "email": "secretariat@vbcsugnens.comAngebotVolleyball",
    "hasMen": true,
    "hasWomen": true,
    "hasJunioren": false,
    "hasJuniorinnen": false
  },
  {
    "name": "VBC Suito Schwyz",
    "postalCode": "6430",
    "town": "Schwyz",
    "website": "",
    "logo": "",
    "email": "",
    "hasMen": false,
    "hasWomen": true,
    "hasJunioren": false,
    "hasJuniorinnen": true
  },
  {
    "name": "VBC Sursee",
    "postalCode": "6210",
    "town": "Sursee LU",
    "website": "",
    "logo": "",
    "email": "andrea@vbcsursee.chAngebotVolleyball",
    "hasMen": true,
    "hasWomen": true,
    "hasJunioren": true,
    "hasJuniorinnen": true
  },
  {
    "name": "VBC Thun",
    "postalCode": "3600",
    "town": "Thun",
    "website": "",
    "logo": "",
    "email": "info@vbcthun.chAngebotVolleyball",
    "hasMen": true,
    "hasWomen": true,
    "hasJunioren": true,
    "hasJuniorinnen": true
  },
  {
    "name": "VBC Tramelan",
    "postalCode": "2720",
    "town": "Tramelan",
    "website": "",
    "logo": "",
    "email": "info@vbc-tramelan.chAngebotVolleyball",
    "hasMen": true,
    "hasWomen": true,
    "hasJunioren": false,
    "hasJuniorinnen": true
  },
  {
    "name": "VBC Triengen",
    "postalCode": "6234",
    "town": "Triengen",
    "website": "",
    "logo": "",
    "email": "info@vbc-triengen.chAngebotVolleyball",
    "hasMen": true,
    "hasWomen": true,
    "hasJunioren": true,
    "hasJuniorinnen": true
  },
  {
    "name": "VBC Ueberstorf",
    "postalCode": "3182",
    "town": "Ueberstorf",
    "website": "",
    "logo": "",
    "email": "info@vbc-ueberstorf.chAngebotVolleyball",
    "hasMen": false,
    "hasWomen": true,
    "hasJunioren": false,
    "hasJuniorinnen": true
  },
  {
    "name": "VBC Uni Bern",
    "postalCode": "3000",
    "town": "Bern",
    "website": "",
    "logo": "",
    "email": "geschaeftsstelle@vbcunibern.chAngebotVolleyball",
    "hasMen": true,
    "hasWomen": true,
    "hasJunioren": true,
    "hasJuniorinnen": false
  },
  {
    "name": "VBC Uetikon",
    "postalCode": "8707",
    "town": "Uetikon am See",
    "website": "",
    "logo": "",
    "email": "",
    "hasMen": true,
    "hasWomen": true,
    "hasJunioren": true,
    "hasJuniorinnen": true
  },
  {
    "name": "VBC Viamala Thusis",
    "postalCode": "7430",
    "town": "Thusis",
    "website": "",
    "logo": "",
    "email": "tinli67@bluewin.chAngebotVolleyball",
    "hasMen": true,
    "hasWomen": true,
    "hasJunioren": false,
    "hasJuniorinnen": true
  },
  {
    "name": "VBC Volebo Freiamt",
    "postalCode": "5610",
    "town": "Wohlen",
    "website": "",
    "logo": "",
    "email": "",
    "hasMen": true,
    "hasWomen": true,
    "hasJunioren": true,
    "hasJuniorinnen": true
  },
  {
    "name": "VBC Voléro Zürich",
    "postalCode": "8000",
    "town": "Zürich",
    "website": "",
    "logo": "",
    "email": "sekretariat@volero.chAngebotVolleyball",
    "hasMen": true,
    "hasWomen": true,
    "hasJunioren": true,
    "hasJuniorinnen": true
  },
  {
    "name": "VBC Werdana Buchs",
    "postalCode": "9470",
    "town": "Buchs",
    "website": "",
    "logo": "",
    "email": "",
    "hasMen": false,
    "hasWomen": true,
    "hasJunioren": false,
    "hasJuniorinnen": true
  },
  {
    "name": "VBC Willisau",
    "postalCode": "6130",
    "town": "Willisau",
    "website": "",
    "logo": "",
    "email": "praesident@vbcwillisau.chAngebotVolleyball",
    "hasMen": true,
    "hasWomen": true,
    "hasJunioren": true,
    "hasJuniorinnen": true
  },
  {
    "name": "VBC Yverdon",
    "postalCode": "1400",
    "town": "Yverdon-les-Bains",
    "website": "",
    "logo": "",
    "email": "president@vbcyverdon.chAngebotVolleyball",
    "hasMen": true,
    "hasWomen": true,
    "hasJunioren": true,
    "hasJuniorinnen": true
  },
  {
    "name": "VBC Züri Unterland",
    "postalCode": "8302",
    "town": "Kloten",
    "website": "",
    "logo": "",
    "email": "gs@vbczu.chAngebotVolleyball",
    "hasMen": true,
    "hasWomen": true,
    "hasJunioren": true,
    "hasJuniorinnen": true
  },
  {
    "name": "VBG Klettgau",
    "postalCode": "8222",
    "town": "Beringen",
    "website": "",
    "logo": "",
    "email": "",
    "hasMen": true,
    "hasWomen": false,
    "hasJunioren": false,
    "hasJuniorinnen": false
  },
  {
    "name": "VBG Welschenrohr",
    "postalCode": "4716",
    "town": "Welschenrohr",
    "website": "",
    "logo": "",
    "email": "info@vbgw-h.chAngebotVolleyball",
    "hasMen": false,
    "hasWomen": true,
    "hasJunioren": false,
    "hasJuniorinnen": true
  },
  {
    "name": "VBR Rickenbach",
    "postalCode": "8545",
    "town": "Rickenbach ZH",
    "website": "",
    "logo": "",
    "email": "info@vbr-rickenbach.chAngebotVolleyball",
    "hasMen": true,
    "hasWomen": true,
    "hasJunioren": true,
    "hasJuniorinnen": true
  },
  {
    "name": "VC Kanti Schaffhausen",
    "postalCode": "8200",
    "town": "Schaffhausen",
    "website": "",
    "logo": "",
    "email": "administration@kantivolleyball.chAngebotVolleyball",
    "hasMen": false,
    "hasWomen": true,
    "hasJunioren": false,
    "hasJuniorinnen": true
  },
  {
    "name": "VC Los Unidos Ob.Seetal",
    "postalCode": "5618",
    "town": "Bettwil",
    "website": "",
    "logo": "",
    "email": "",
    "hasMen": true,
    "hasWomen": true,
    "hasJunioren": false,
    "hasJuniorinnen": false
  },
  {
    "name": "VC Safenwil-Kölliken",
    "postalCode": "5745",
    "town": "Safenwil",
    "website": "",
    "logo": "",
    "email": "info@vcsk.chAngebotVolleyball",
    "hasMen": true,
    "hasWomen": true,
    "hasJunioren": true,
    "hasJuniorinnen": true
  },
  {
    "name": "VC Smash Winterthur",
    "postalCode": "8400",
    "town": "Winterthur",
    "website": "",
    "logo": "",
    "email": "office@vc-smash.chAngebotVolleyball",
    "hasMen": true,
    "hasWomen": true,
    "hasJunioren": true,
    "hasJuniorinnen": true
  },
  {
    "name": "VC Tornado Adliswil",
    "postalCode": "8134",
    "town": "Adliswil",
    "website": "",
    "logo": "",
    "email": "sport@vctornado.chAngebotVolleyball",
    "hasMen": true,
    "hasWomen": true,
    "hasJunioren": true,
    "hasJuniorinnen": false
  },
  {
    "name": "VC Uettligen",
    "postalCode": "3043",
    "town": "Uettligen",
    "website": "",
    "logo": "",
    "email": "info@vcuettligen.chAngebotVolleyball",
    "hasMen": false,
    "hasWomen": true,
    "hasJunioren": false,
    "hasJuniorinnen": true
  },
  {
    "name": "Volewa Wald",
    "postalCode": "8636",
    "town": "Wald",
    "website": "",
    "logo": "",
    "email": "info@volewa.chAngebotVolleyball",
    "hasMen": true,
    "hasWomen": true,
    "hasJunioren": true,
    "hasJuniorinnen": true
  },
  {
    "name": "Volley Aadorf",
    "postalCode": "8355",
    "town": "Aadorf",
    "website": "",
    "logo": "",
    "email": "info@volleyaadorf.chAngebotVolleyball",
    "hasMen": false,
    "hasWomen": true,
    "hasJunioren": false,
    "hasJuniorinnen": true
  },
  {
    "name": "Volley Aarburg-Zofingen",
    "postalCode": "4800",
    "town": "Zofingen",
    "website": "",
    "logo": "",
    "email": "",
    "hasMen": true,
    "hasWomen": true,
    "hasJunioren": false,
    "hasJuniorinnen": false
  },
  {
    "name": "Volley Academy Valais",
    "postalCode": "3930",
    "town": "Visp",
    "website": "https://talentschoolvs.clubdesk.com/talentschoolvs/",
    "logo": "",
    "email": "christian.berchtold@ultraweb.chAngebotWeitere",
    "hasMen": false,
    "hasWomen": false,
    "hasJunioren": false,
    "hasJuniorinnen": false
  },
  {
    "name": "Volley Academy Valais",
    "postalCode": "3930",
    "town": "Visp",
    "website": "",
    "logo": "",
    "email": "christian.berchtold@ultraweb.chAngebotWeitere",
    "hasMen": false,
    "hasWomen": false,
    "hasJunioren": false,
    "hasJuniorinnen": false
  },
  {
    "name": "Volley Avenches",
    "postalCode": "1580",
    "town": "Avenches",
    "website": "",
    "logo": "",
    "email": "infovolleyavenches@gmail.comAngebotVolleyball",
    "hasMen": true,
    "hasWomen": true,
    "hasJunioren": true,
    "hasJuniorinnen": true
  },
  {
    "name": "Volley Brugg",
    "postalCode": "5200",
    "town": "Brugg",
    "website": "",
    "logo": "",
    "email": "info@volleybrugg.chAngebotVolleyball",
    "hasMen": false,
    "hasWomen": true,
    "hasJunioren": false,
    "hasJuniorinnen": true
  },
  {
    "name": "Volley Bütschwil",
    "postalCode": "9606",
    "town": "Bütschwil",
    "website": "",
    "logo": "",
    "email": "sekretariat@volleybuetschwil.chAngebotVolleyball",
    "hasMen": true,
    "hasWomen": true,
    "hasJunioren": true,
    "hasJuniorinnen": true
  },
  {
    "name": "Volley Caslano",
    "postalCode": "6987",
    "town": "Caslano",
    "website": "",
    "logo": "",
    "email": "info@volleycaslano.chAngebotVolleyball",
    "hasMen": true,
    "hasWomen": false,
    "hasJunioren": true,
    "hasJuniorinnen": false
  },
  {
    "name": "Volley Düdingen",
    "postalCode": "3186",
    "town": "Düdingen",
    "website": "",
    "logo": "",
    "email": "",
    "hasMen": false,
    "hasWomen": true,
    "hasJunioren": false,
    "hasJuniorinnen": true
  },
  {
    "name": "Volley Emmen-Nord",
    "postalCode": "6020",
    "town": "Emmenbrücke",
    "website": "",
    "logo": "",
    "email": "info@volley-emmen-nord.chAngebotVolleyball",
    "hasMen": true,
    "hasWomen": true,
    "hasJunioren": true,
    "hasJuniorinnen": true
  },
  {
    "name": "Volley Estavayer",
    "postalCode": "1470",
    "town": "Estavayer-le-Lac",
    "website": "",
    "logo": "",
    "email": "",
    "hasMen": true,
    "hasWomen": true,
    "hasJunioren": true,
    "hasJuniorinnen": true
  },
  {
    "name": "Volley Goldach",
    "postalCode": "9403",
    "town": "Goldach",
    "website": "",
    "logo": "",
    "email": "",
    "hasMen": true,
    "hasWomen": true,
    "hasJunioren": true,
    "hasJuniorinnen": true
  },
  {
    "name": "Volley GraPa",
    "postalCode": "1530",
    "town": "Payerne",
    "website": "",
    "logo": "",
    "email": "volleygrapa@gmail.comAngebotVolleyball",
    "hasMen": true,
    "hasWomen": true,
    "hasJunioren": false,
    "hasJuniorinnen": true
  },
  {
    "name": "Volley Köniz",
    "postalCode": "3098",
    "town": "Köniz",
    "website": "",
    "logo": "",
    "email": "info@volley-koeniz.chAngebotVolleyball",
    "hasMen": false,
    "hasWomen": true,
    "hasJunioren": false,
    "hasJuniorinnen": true
  },
  {
    "name": "Volley Kriens",
    "postalCode": "6010",
    "town": "Kriens",
    "website": "",
    "logo": "",
    "email": "info@volleykriens.chAngebotVolleyball",
    "hasMen": false,
    "hasWomen": true,
    "hasJunioren": false,
    "hasJuniorinnen": true
  },
  {
    "name": "Volley KTV Muotathal",
    "postalCode": "6436",
    "town": "Muotathal",
    "website": "",
    "logo": "",
    "email": "mueller_bettina@outlook.comAngebotVolleyball",
    "hasMen": false,
    "hasWomen": false,
    "hasJunioren": false,
    "hasJuniorinnen": true
  },
  {
    "name": "Volley Liebefeld",
    "postalCode": "3097",
    "town": "Liebefeld",
    "website": "",
    "logo": "",
    "email": "praesi@volleyliebefeld.chAngebotVolleyball",
    "hasMen": true,
    "hasWomen": true,
    "hasJunioren": false,
    "hasJuniorinnen": false
  },
  {
    "name": "Volley Möhlin",
    "postalCode": "4313",
    "town": "Möhlin",
    "website": "",
    "logo": "",
    "email": "lea.oliva@volley-moehlin.chAngebotVolleyball",
    "hasMen": false,
    "hasWomen": true,
    "hasJunioren": false,
    "hasJuniorinnen": true
  },
  {
    "name": "Volley Moutier",
    "postalCode": "2740",
    "town": "Moutier",
    "website": "",
    "logo": "",
    "email": "volleymoutier@gmail.comAngebotVolleyball",
    "hasMen": true,
    "hasWomen": true,
    "hasJunioren": true,
    "hasJuniorinnen": true
  },
  {
    "name": "Volley Münsingen",
    "postalCode": "3110",
    "town": "Münsingen",
    "website": "",
    "logo": "",
    "email": "info@volley-muensingen.chAngebotVolleyball",
    "hasMen": true,
    "hasWomen": true,
    "hasJunioren": true,
    "hasJuniorinnen": true
  },
  {
    "name": "Volley Mutschellen",
    "postalCode": "8964",
    "town": "Rudolfstetten",
    "website": "",
    "logo": "",
    "email": "vorstand@volleymutschellen.chAngebotVolleyball",
    "hasMen": true,
    "hasWomen": true,
    "hasJunioren": true,
    "hasJuniorinnen": true
  },
  {
    "name": "Volley Obfelden",
    "postalCode": "8912",
    "town": "Obfelden",
    "website": "",
    "logo": "",
    "email": "",
    "hasMen": true,
    "hasWomen": true,
    "hasJunioren": false,
    "hasJuniorinnen": true
  },
  {
    "name": "Volley Oerlikon",
    "postalCode": "8050",
    "town": "Zürich",
    "website": "",
    "logo": "",
    "email": "sekretariat@volleyoerlikon.chAngebotVolleyball",
    "hasMen": true,
    "hasWomen": true,
    "hasJunioren": true,
    "hasJuniorinnen": false
  },
  {
    "name": "Volley Rain",
    "postalCode": "6026",
    "town": "Rain",
    "website": "",
    "logo": "",
    "email": "info@volleyrain.clubdesk.comAngebotWeitere",
    "hasMen": false,
    "hasWomen": false,
    "hasJunioren": false,
    "hasJuniorinnen": false
  },
  {
    "name": "Volley Region Entlebuch",
    "postalCode": "6170",
    "town": "Schüpfheim",
    "website": "",
    "logo": "",
    "email": "praesident@volley-region-entlebuch.chAngebotVolleyball",
    "hasMen": false,
    "hasWomen": false,
    "hasJunioren": false,
    "hasJuniorinnen": true
  },
  {
    "name": "Volley Rossrüti",
    "postalCode": "9500",
    "town": "Wil SG",
    "website": "",
    "logo": "",
    "email": "info@volleyrossrueti.chAngebotVolleyball",
    "hasMen": true,
    "hasWomen": true,
    "hasJunioren": false,
    "hasJuniorinnen": false
  },
  {
    "name": "Volley Rüschlikon",
    "postalCode": "8803",
    "town": "Rüschlikon",
    "website": "",
    "logo": "",
    "email": "info@volleyreuschlikon.chAngebotVolleyball",
    "hasMen": false,
    "hasWomen": true,
    "hasJunioren": false,
    "hasJuniorinnen": true
  },
  {
    "name": "Volley Smash 05 Laufenburg-Kaisten",
    "postalCode": "5080",
    "town": "Laufenburg",
    "website": "",
    "logo": "",
    "email": "",
    "hasMen": true,
    "hasWomen": true,
    "hasJunioren": true,
    "hasJuniorinnen": true
  },
  {
    "name": "Volley Speicher",
    "postalCode": "9042",
    "town": "Speicher",
    "website": "",
    "logo": "",
    "email": "roland.lauper@volleyspeicher.clubdesk.comAngebotVolleyball",
    "hasMen": true,
    "hasWomen": true,
    "hasJunioren": false,
    "hasJuniorinnen": false
  },
  {
    "name": "Volley Surselva",
    "postalCode": "7130",
    "town": "Ilanz",
    "website": "",
    "logo": "",
    "email": "",
    "hasMen": true,
    "hasWomen": true,
    "hasJunioren": false,
    "hasJuniorinnen": true
  },
  {
    "name": "Volley Toggenburg",
    "postalCode": "9630",
    "town": "Wattwil",
    "website": "",
    "logo": "",
    "email": "info@volleytoggenburg.chAngebotVolleyball",
    "hasMen": false,
    "hasWomen": true,
    "hasJunioren": false,
    "hasJuniorinnen": true
  },
  {
    "name": "Volley Uni Bern",
    "postalCode": "3000",
    "town": "Bern",
    "website": "",
    "logo": "",
    "email": "",
    "hasMen": true,
    "hasWomen": false,
    "hasJunioren": false,
    "hasJuniorinnen": false
  },
  {
    "name": "Volley Unisport Fribourg (VUF)",
    "postalCode": "1700",
    "town": "Fribourg",
    "website": "",
    "logo": "",
    "email": "",
    "hasMen": true,
    "hasWomen": true,
    "hasJunioren": false,
    "hasJuniorinnen": false
  },
  {
    "name": "Volley Uri",
    "postalCode": "6463",
    "town": "Bürglen",
    "website": "",
    "logo": "",
    "email": "info@volleyuri.chAngebotVolleyball",
    "hasMen": true,
    "hasWomen": true,
    "hasJunioren": true,
    "hasJuniorinnen": true
  },
  {
    "name": "Volley Uster",
    "postalCode": "8610",
    "town": "Uster",
    "website": "",
    "logo": "",
    "email": "",
    "hasMen": true,
    "hasWomen": true,
    "hasJunioren": true,
    "hasJuniorinnen": true
  },
  {
    "name": "Volley Waldkirch",
    "postalCode": "9205",
    "town": "Waldkirch",
    "website": "",
    "logo": "",
    "email": "",
    "hasMen": true,
    "hasWomen": true,
    "hasJunioren": true,
    "hasJuniorinnen": true
  },
  {
    "name": "Volley Wila-Turbenthal",
    "postalCode": "8492",
    "town": "Wila",
    "website": "",
    "logo": "",
    "email": "jenny.keller@volleywila.chAngebotVolleyball",
    "hasMen": false,
    "hasWomen": true,
    "hasJunioren": true,
    "hasJuniorinnen": true
  },
  {
    "name": "Volley-Team Wolhusen",
    "postalCode": "6110",
    "town": "Wolhusen",
    "website": "",
    "logo": "",
    "email": "lea.rroos@hotmail.comAngebotVolleyball",
    "hasMen": true,
    "hasWomen": true,
    "hasJunioren": false,
    "hasJuniorinnen": true
  },
  {
    "name": "Volley-X Recherswil",
    "postalCode": "4565",
    "town": "Recherswil",
    "website": "",
    "logo": "",
    "email": "massimo.micozzi@ymail.comAngebotVolleyball",
    "hasMen": true,
    "hasWomen": true,
    "hasJunioren": true,
    "hasJuniorinnen": true
  },
  {
    "name": "Volleyball Academy",
    "postalCode": "8180",
    "town": "Bülach",
    "website": "",
    "logo": "",
    "email": "info@volleyballacademy.chAngebotVolleyball",
    "hasMen": false,
    "hasWomen": true,
    "hasJunioren": false,
    "hasJuniorinnen": true
  },
  {
    "name": "Volleyball-Club Volketswil",
    "postalCode": "8604",
    "town": "Volketswil",
    "website": "",
    "logo": "",
    "email": "",
    "hasMen": false,
    "hasWomen": true,
    "hasJunioren": false,
    "hasJuniorinnen": true
  },
  {
    "name": "Wädivolley",
    "postalCode": "8820",
    "town": "Wädenswil",
    "website": "",
    "logo": "",
    "email": "",
    "hasMen": true,
    "hasWomen": true,
    "hasJunioren": true,
    "hasJuniorinnen": true
  },
  {
    "name": "ZUZU Beach",
    "postalCode": "8302",
    "town": "Kloten",
    "website": "",
    "logo": "",
    "email": "info@zuzubeach.chAngebotKids",
    "hasMen": false,
    "hasWomen": false,
    "hasJunioren": false,
    "hasJuniorinnen": false
  }
]